workload,workload_params,key_space,capacity,seed,policy,hits,misses,hit_rate
uniform,"uniform",5000,50,1,BELADY-OPTIMAL,38492,261508,0.128307
uniform,"uniform",5000,50,1,LRU,2897,297103,0.009657
uniform,"uniform",5000,50,1,FIFO,2898,297102,0.009660
uniform,"uniform",5000,50,1,RANDOM,2920,297080,0.009733
uniform,"uniform",5000,50,1,CLOCK,2898,297102,0.009660
uniform,"uniform",5000,50,1,LFU,3069,296931,0.010230
uniform,"uniform",5000,50,1,LFU-AGED,2906,297094,0.009687
uniform,"uniform",5000,50,1,SLRU,3051,296949,0.010170
uniform,"uniform",5000,50,1,2Q,2945,297055,0.009817
uniform,"uniform",5000,50,1,LRU-2,3007,296993,0.010023
uniform,"uniform",5000,50,1,ARC,2914,297086,0.009713
uniform,"uniform",5000,50,1,W-TinyLFU,3001,296999,0.010003
uniform,"uniform",5000,50,2,BELADY-OPTIMAL,38261,261739,0.127537
uniform,"uniform",5000,50,2,LRU,2920,297080,0.009733
uniform,"uniform",5000,50,2,FIFO,2923,297077,0.009743
uniform,"uniform",5000,50,2,RANDOM,2965,297035,0.009883
uniform,"uniform",5000,50,2,CLOCK,2906,297094,0.009687
uniform,"uniform",5000,50,2,LFU,2916,297084,0.009720
uniform,"uniform",5000,50,2,LFU-AGED,2875,297125,0.009583
uniform,"uniform",5000,50,2,SLRU,2983,297017,0.009943
uniform,"uniform",5000,50,2,2Q,2921,297079,0.009737
uniform,"uniform",5000,50,2,LRU-2,3009,296991,0.010030
uniform,"uniform",5000,50,2,ARC,2890,297110,0.009633
uniform,"uniform",5000,50,2,W-TinyLFU,2978,297022,0.009927
uniform,"uniform",5000,50,3,BELADY-OPTIMAL,38212,261788,0.127373
uniform,"uniform",5000,50,3,LRU,2969,297031,0.009897
uniform,"uniform",5000,50,3,FIFO,2981,297019,0.009937
uniform,"uniform",5000,50,3,RANDOM,2935,297065,0.009783
uniform,"uniform",5000,50,3,CLOCK,2968,297032,0.009893
uniform,"uniform",5000,50,3,LFU,2976,297024,0.009920
uniform,"uniform",5000,50,3,LFU-AGED,2989,297011,0.009963
uniform,"uniform",5000,50,3,SLRU,2997,297003,0.009990
uniform,"uniform",5000,50,3,2Q,2987,297013,0.009957
uniform,"uniform",5000,50,3,LRU-2,2984,297016,0.009947
uniform,"uniform",5000,50,3,ARC,3110,296890,0.010367
uniform,"uniform",5000,50,3,W-TinyLFU,3021,296979,0.010070
uniform,"uniform",5000,200,1,BELADY-OPTIMAL,78285,221715,0.260950
uniform,"uniform",5000,200,1,LRU,11999,288001,0.039997
uniform,"uniform",5000,200,1,FIFO,12025,287975,0.040083
uniform,"uniform",5000,200,1,RANDOM,11884,288116,0.039613
uniform,"uniform",5000,200,1,CLOCK,11992,288008,0.039973
uniform,"uniform",5000,200,1,LFU,12099,287901,0.040330
uniform,"uniform",5000,200,1,LFU-AGED,11909,288091,0.039697
uniform,"uniform",5000,200,1,SLRU,11968,288032,0.039893
uniform,"uniform",5000,200,1,2Q,11896,288104,0.039653
uniform,"uniform",5000,200,1,LRU-2,11979,288021,0.039930
uniform,"uniform",5000,200,1,ARC,11967,288033,0.039890
uniform,"uniform",5000,200,1,W-TinyLFU,11981,288019,0.039937
uniform,"uniform",5000,200,2,BELADY-OPTIMAL,78209,221791,0.260697
uniform,"uniform",5000,200,2,LRU,11846,288154,0.039487
uniform,"uniform",5000,200,2,FIFO,11867,288133,0.039557
uniform,"uniform",5000,200,2,RANDOM,11867,288133,0.039557
uniform,"uniform",5000,200,2,CLOCK,11826,288174,0.039420
uniform,"uniform",5000,200,2,LFU,11947,288053,0.039823
uniform,"uniform",5000,200,2,LFU-AGED,11874,288126,0.039580
uniform,"uniform",5000,200,2,SLRU,11980,288020,0.039933
uniform,"uniform",5000,200,2,2Q,11910,288090,0.039700
uniform,"uniform",5000,200,2,LRU-2,12014,287986,0.040047
uniform,"uniform",5000,200,2,ARC,11868,288132,0.039560
uniform,"uniform",5000,200,2,W-TinyLFU,12048,287952,0.040160
uniform,"uniform",5000,200,3,BELADY-OPTIMAL,78094,221906,0.260313
uniform,"uniform",5000,200,3,LRU,11765,288235,0.039217
uniform,"uniform",5000,200,3,FIFO,11768,288232,0.039227
uniform,"uniform",5000,200,3,RANDOM,11858,288142,0.039527
uniform,"uniform",5000,200,3,CLOCK,11781,288219,0.039270
uniform,"uniform",5000,200,3,LFU,11952,288048,0.039840
uniform,"uniform",5000,200,3,LFU-AGED,11887,288113,0.039623
uniform,"uniform",5000,200,3,SLRU,12087,287913,0.040290
uniform,"uniform",5000,200,3,2Q,11877,288123,0.039590
uniform,"uniform",5000,200,3,LRU-2,11948,288052,0.039827
uniform,"uniform",5000,200,3,ARC,11965,288035,0.039883
uniform,"uniform",5000,200,3,W-TinyLFU,12083,287917,0.040277
uniform,"uniform",5000,1000,1,BELADY-OPTIMAL,166233,133767,0.554110
uniform,"uniform",5000,1000,1,LRU,59680,240320,0.198933
uniform,"uniform",5000,1000,1,FIFO,59673,240327,0.198910
uniform,"uniform",5000,1000,1,RANDOM,59785,240215,0.199283
uniform,"uniform",5000,1000,1,CLOCK,59657,240343,0.198857
uniform,"uniform",5000,1000,1,LFU,60209,239791,0.200697
uniform,"uniform",5000,1000,1,LFU-AGED,59495,240505,0.198317
uniform,"uniform",5000,1000,1,SLRU,59719,240281,0.199063
uniform,"uniform",5000,1000,1,2Q,59877,240123,0.199590
uniform,"uniform",5000,1000,1,LRU-2,60198,239802,0.200660
uniform,"uniform",5000,1000,1,ARC,59765,240235,0.199217
uniform,"uniform",5000,1000,1,W-TinyLFU,59665,240335,0.198883
uniform,"uniform",5000,1000,2,BELADY-OPTIMAL,166101,133899,0.553670
uniform,"uniform",5000,1000,2,LRU,59732,240268,0.199107
uniform,"uniform",5000,1000,2,FIFO,59836,240164,0.199453
uniform,"uniform",5000,1000,2,RANDOM,59537,240463,0.198457
uniform,"uniform",5000,1000,2,CLOCK,59641,240359,0.198803
uniform,"uniform",5000,1000,2,LFU,59573,240427,0.198577
uniform,"uniform",5000,1000,2,LFU-AGED,59670,240330,0.198900
uniform,"uniform",5000,1000,2,SLRU,59675,240325,0.198917
uniform,"uniform",5000,1000,2,2Q,59253,240747,0.197510
uniform,"uniform",5000,1000,2,LRU-2,59643,240357,0.198810
uniform,"uniform",5000,1000,2,ARC,59533,240467,0.198443
uniform,"uniform",5000,1000,2,W-TinyLFU,59629,240371,0.198763
uniform,"uniform",5000,1000,3,BELADY-OPTIMAL,165951,134049,0.553170
uniform,"uniform",5000,1000,3,LRU,59553,240447,0.198510
uniform,"uniform",5000,1000,3,FIFO,59420,240580,0.198067
uniform,"uniform",5000,1000,3,RANDOM,59575,240425,0.198583
uniform,"uniform",5000,1000,3,CLOCK,59528,240472,0.198427
uniform,"uniform",5000,1000,3,LFU,59843,240157,0.199477
uniform,"uniform",5000,1000,3,LFU-AGED,59791,240209,0.199303
uniform,"uniform",5000,1000,3,SLRU,59690,240310,0.198967
uniform,"uniform",5000,1000,3,2Q,59701,240299,0.199003
uniform,"uniform",5000,1000,3,LRU-2,59843,240157,0.199477
uniform,"uniform",5000,1000,3,ARC,59361,240639,0.197870
uniform,"uniform",5000,1000,3,W-TinyLFU,59627,240373,0.198757
zipf-0.99,"zipf(0.99)",5000,50,1,BELADY-OPTIMAL,160813,139187,0.536043
zipf-0.99,"zipf(0.99)",5000,50,1,LRU,99824,200176,0.332747
zipf-0.99,"zipf(0.99)",5000,50,1,FIFO,85963,214037,0.286543
zipf-0.99,"zipf(0.99)",5000,50,1,RANDOM,85821,214179,0.286070
zipf-0.99,"zipf(0.99)",5000,50,1,CLOCK,104243,195757,0.347477
zipf-0.99,"zipf(0.99)",5000,50,1,LFU,137310,162690,0.457700
zipf-0.99,"zipf(0.99)",5000,50,1,LFU-AGED,126924,173076,0.423080
zipf-0.99,"zipf(0.99)",5000,50,1,SLRU,134385,165615,0.447950
zipf-0.99,"zipf(0.99)",5000,50,1,2Q,130301,169699,0.434337
zipf-0.99,"zipf(0.99)",5000,50,1,LRU-2,141183,158817,0.470610
zipf-0.99,"zipf(0.99)",5000,50,1,ARC,132850,167150,0.442833
zipf-0.99,"zipf(0.99)",5000,50,1,W-TinyLFU,134012,165988,0.446707
zipf-0.99,"zipf(0.99)",5000,50,2,BELADY-OPTIMAL,161154,138846,0.537180
zipf-0.99,"zipf(0.99)",5000,50,2,LRU,99861,200139,0.332870
zipf-0.99,"zipf(0.99)",5000,50,2,FIFO,85855,214145,0.286183
zipf-0.99,"zipf(0.99)",5000,50,2,RANDOM,85942,214058,0.286473
zipf-0.99,"zipf(0.99)",5000,50,2,CLOCK,104321,195679,0.347737
zipf-0.99,"zipf(0.99)",5000,50,2,LFU,134532,165468,0.448440
zipf-0.99,"zipf(0.99)",5000,50,2,LFU-AGED,127243,172757,0.424143
zipf-0.99,"zipf(0.99)",5000,50,2,SLRU,134260,165740,0.447533
zipf-0.99,"zipf(0.99)",5000,50,2,2Q,130076,169924,0.433587
zipf-0.99,"zipf(0.99)",5000,50,2,LRU-2,141084,158916,0.470280
zipf-0.99,"zipf(0.99)",5000,50,2,ARC,133251,166749,0.444170
zipf-0.99,"zipf(0.99)",5000,50,2,W-TinyLFU,133922,166078,0.446407
zipf-0.99,"zipf(0.99)",5000,50,3,BELADY-OPTIMAL,161163,138837,0.537210
zipf-0.99,"zipf(0.99)",5000,50,3,LRU,99684,200316,0.332280
zipf-0.99,"zipf(0.99)",5000,50,3,FIFO,85832,214168,0.286107
zipf-0.99,"zipf(0.99)",5000,50,3,RANDOM,85915,214085,0.286383
zipf-0.99,"zipf(0.99)",5000,50,3,CLOCK,104176,195824,0.347253
zipf-0.99,"zipf(0.99)",5000,50,3,LFU,135621,164379,0.452070
zipf-0.99,"zipf(0.99)",5000,50,3,LFU-AGED,127241,172759,0.424137
zipf-0.99,"zipf(0.99)",5000,50,3,SLRU,134469,165531,0.448230
zipf-0.99,"zipf(0.99)",5000,50,3,2Q,130409,169591,0.434697
zipf-0.99,"zipf(0.99)",5000,50,3,LRU-2,141971,158029,0.473237
zipf-0.99,"zipf(0.99)",5000,50,3,ARC,133240,166760,0.444133
zipf-0.99,"zipf(0.99)",5000,50,3,W-TinyLFU,133959,166041,0.446530
zipf-0.99,"zipf(0.99)",5000,200,1,BELADY-OPTIMAL,207936,92064,0.693120
zipf-0.99,"zipf(0.99)",5000,200,1,LRU,153425,146575,0.511417
zipf-0.99,"zipf(0.99)",5000,200,1,FIFO,138536,161464,0.461787
zipf-0.99,"zipf(0.99)",5000,200,1,RANDOM,138420,161580,0.461400
zipf-0.99,"zipf(0.99)",5000,200,1,CLOCK,157467,142533,0.524890
zipf-0.99,"zipf(0.99)",5000,200,1,LFU,179468,120532,0.598227
zipf-0.99,"zipf(0.99)",5000,200,1,LFU-AGED,175393,124607,0.584643
zipf-0.99,"zipf(0.99)",5000,200,1,SLRU,179858,120142,0.599527
zipf-0.99,"zipf(0.99)",5000,200,1,2Q,175549,124451,0.585163
zipf-0.99,"zipf(0.99)",5000,200,1,LRU-2,182878,117122,0.609593
zipf-0.99,"zipf(0.99)",5000,200,1,ARC,177566,122434,0.591887
zipf-0.99,"zipf(0.99)",5000,200,1,W-TinyLFU,179635,120365,0.598783
zipf-0.99,"zipf(0.99)",5000,200,2,BELADY-OPTIMAL,208237,91763,0.694123
zipf-0.99,"zipf(0.99)",5000,200,2,LRU,153944,146056,0.513147
zipf-0.99,"zipf(0.99)",5000,200,2,FIFO,138866,161134,0.462887
zipf-0.99,"zipf(0.99)",5000,200,2,RANDOM,138861,161139,0.462870
zipf-0.99,"zipf(0.99)",5000,200,2,CLOCK,157940,142060,0.526467
zipf-0.99,"zipf(0.99)",5000,200,2,LFU,179857,120143,0.599523
zipf-0.99,"zipf(0.99)",5000,200,2,LFU-AGED,175776,124224,0.585920
zipf-0.99,"zipf(0.99)",5000,200,2,SLRU,180337,119663,0.601123
zipf-0.99,"zipf(0.99)",5000,200,2,2Q,175997,124003,0.586657
zipf-0.99,"zipf(0.99)",5000,200,2,LRU-2,184014,115986,0.613380
zipf-0.99,"zipf(0.99)",5000,200,2,ARC,178101,121899,0.593670
zipf-0.99,"zipf(0.99)",5000,200,2,W-TinyLFU,180041,119959,0.600137
zipf-0.99,"zipf(0.99)",5000,200,3,BELADY-OPTIMAL,208231,91769,0.694103
zipf-0.99,"zipf(0.99)",5000,200,3,LRU,154045,145955,0.513483
zipf-0.99,"zipf(0.99)",5000,200,3,FIFO,138776,161224,0.462587
zipf-0.99,"zipf(0.99)",5000,200,3,RANDOM,138854,161146,0.462847
zipf-0.99,"zipf(0.99)",5000,200,3,CLOCK,157982,142018,0.526607
zipf-0.99,"zipf(0.99)",5000,200,3,LFU,181200,118800,0.604000
zipf-0.99,"zipf(0.99)",5000,200,3,LFU-AGED,175727,124273,0.585757
zipf-0.99,"zipf(0.99)",5000,200,3,SLRU,180464,119536,0.601547
zipf-0.99,"zipf(0.99)",5000,200,3,2Q,176202,123798,0.587340
zipf-0.99,"zipf(0.99)",5000,200,3,LRU-2,183966,116034,0.613220
zipf-0.99,"zipf(0.99)",5000,200,3,ARC,178095,121905,0.593650
zipf-0.99,"zipf(0.99)",5000,200,3,W-TinyLFU,180168,119832,0.600560
zipf-0.99,"zipf(0.99)",5000,1000,1,BELADY-OPTIMAL,259797,40203,0.865990
zipf-0.99,"zipf(0.99)",5000,1000,1,LRU,222151,77849,0.740503
zipf-0.99,"zipf(0.99)",5000,1000,1,FIFO,209253,90747,0.697510
zipf-0.99,"zipf(0.99)",5000,1000,1,RANDOM,209195,90805,0.697317
zipf-0.99,"zipf(0.99)",5000,1000,1,CLOCK,224658,75342,0.748860
zipf-0.99,"zipf(0.99)",5000,1000,1,LFU,235030,64970,0.783433
zipf-0.99,"zipf(0.99)",5000,1000,1,LFU-AGED,234248,65752,0.780827
zipf-0.99,"zipf(0.99)",5000,1000,1,SLRU,235342,64658,0.784473
zipf-0.99,"zipf(0.99)",5000,1000,1,2Q,230527,69473,0.768423
zipf-0.99,"zipf(0.99)",5000,1000,1,LRU-2,235114,64886,0.783713
zipf-0.99,"zipf(0.99)",5000,1000,1,ARC,229459,70541,0.764863
zipf-0.99,"zipf(0.99)",5000,1000,1,W-TinyLFU,235102,64898,0.783673
zipf-0.99,"zipf(0.99)",5000,1000,2,BELADY-OPTIMAL,259899,40101,0.866330
zipf-0.99,"zipf(0.99)",5000,1000,2,LRU,222296,77704,0.740987
zipf-0.99,"zipf(0.99)",5000,1000,2,FIFO,209332,90668,0.697773
zipf-0.99,"zipf(0.99)",5000,1000,2,RANDOM,209497,90503,0.698323
zipf-0.99,"zipf(0.99)",5000,1000,2,CLOCK,224932,75068,0.749773
zipf-0.99,"zipf(0.99)",5000,1000,2,LFU,235322,64678,0.784407
zipf-0.99,"zipf(0.99)",5000,1000,2,LFU-AGED,234290,65710,0.780967
zipf-0.99,"zipf(0.99)",5000,1000,2,SLRU,235251,64749,0.784170
zipf-0.99,"zipf(0.99)",5000,1000,2,2Q,230557,69443,0.768523
zipf-0.99,"zipf(0.99)",5000,1000,2,LRU-2,235393,64607,0.784643
zipf-0.99,"zipf(0.99)",5000,1000,2,ARC,229616,70384,0.765387
zipf-0.99,"zipf(0.99)",5000,1000,2,W-TinyLFU,235066,64934,0.783553
zipf-0.99,"zipf(0.99)",5000,1000,3,BELADY-OPTIMAL,259839,40161,0.866130
zipf-0.99,"zipf(0.99)",5000,1000,3,LRU,222296,77704,0.740987
zipf-0.99,"zipf(0.99)",5000,1000,3,FIFO,209337,90663,0.697790
zipf-0.99,"zipf(0.99)",5000,1000,3,RANDOM,209497,90503,0.698323
zipf-0.99,"zipf(0.99)",5000,1000,3,CLOCK,224968,75032,0.749893
zipf-0.99,"zipf(0.99)",5000,1000,3,LFU,235718,64282,0.785727
zipf-0.99,"zipf(0.99)",5000,1000,3,LFU-AGED,234170,65830,0.780567
zipf-0.99,"zipf(0.99)",5000,1000,3,SLRU,235309,64691,0.784363
zipf-0.99,"zipf(0.99)",5000,1000,3,2Q,230659,69341,0.768863
zipf-0.99,"zipf(0.99)",5000,1000,3,LRU-2,235832,64168,0.786107
zipf-0.99,"zipf(0.99)",5000,1000,3,ARC,229677,70323,0.765590
zipf-0.99,"zipf(0.99)",5000,1000,3,W-TinyLFU,235080,64920,0.783600
zipf-1.5,"zipf(1.5)",5000,50,1,BELADY-OPTIMAL,274529,25471,0.915097
zipf-1.5,"zipf(1.5)",5000,50,1,LRU,256527,43473,0.855090
zipf-1.5,"zipf(1.5)",5000,50,1,FIFO,244393,55607,0.814643
zipf-1.5,"zipf(1.5)",5000,50,1,RANDOM,244169,55831,0.813897
zipf-1.5,"zipf(1.5)",5000,50,1,CLOCK,258503,41497,0.861677
zipf-1.5,"zipf(1.5)",5000,50,1,LFU,268024,31976,0.893413
zipf-1.5,"zipf(1.5)",5000,50,1,LFU-AGED,262439,37561,0.874797
zipf-1.5,"zipf(1.5)",5000,50,1,SLRU,266040,33960,0.886800
zipf-1.5,"zipf(1.5)",5000,50,1,2Q,263755,36245,0.879183
zipf-1.5,"zipf(1.5)",5000,50,1,LRU-2,269227,30773,0.897423
zipf-1.5,"zipf(1.5)",5000,50,1,ARC,264844,35156,0.882813
zipf-1.5,"zipf(1.5)",5000,50,1,W-TinyLFU,265804,34196,0.886013
zipf-1.5,"zipf(1.5)",5000,50,2,BELADY-OPTIMAL,274503,25497,0.915010
zipf-1.5,"zipf(1.5)",5000,50,2,LRU,256353,43647,0.854510
zipf-1.5,"zipf(1.5)",5000,50,2,FIFO,244132,55868,0.813773
zipf-1.5,"zipf(1.5)",5000,50,2,RANDOM,244262,55738,0.814207
zipf-1.5,"zipf(1.5)",5000,50,2,CLOCK,258218,41782,0.860727
zipf-1.5,"zipf(1.5)",5000,50,2,LFU,267433,32567,0.891443
zipf-1.5,"zipf(1.5)",5000,50,2,LFU-AGED,262289,37711,0.874297
zipf-1.5,"zipf(1.5)",5000,50,2,SLRU,266159,33841,0.887197
zipf-1.5,"zipf(1.5)",5000,50,2,2Q,263758,36242,0.879193
zipf-1.5,"zipf(1.5)",5000,50,2,LRU-2,269050,30950,0.896833
zipf-1.5,"zipf(1.5)",5000,50,2,ARC,264703,35297,0.882343
zipf-1.5,"zipf(1.5)",5000,50,2,W-TinyLFU,265912,34088,0.886373
zipf-1.5,"zipf(1.5)",5000,50,3,BELADY-OPTIMAL,274793,25207,0.915977
zipf-1.5,"zipf(1.5)",5000,50,3,LRU,257084,42916,0.856947
zipf-1.5,"zipf(1.5)",5000,50,3,FIFO,244807,55193,0.816023
zipf-1.5,"zipf(1.5)",5000,50,3,RANDOM,244886,55114,0.816287
zipf-1.5,"zipf(1.5)",5000,50,3,CLOCK,258917,41083,0.863057
zipf-1.5,"zipf(1.5)",5000,50,3,LFU,267629,32371,0.892097
zipf-1.5,"zipf(1.5)",5000,50,3,LFU-AGED,262774,37226,0.875913
zipf-1.5,"zipf(1.5)",5000,50,3,SLRU,266483,33517,0.888277
zipf-1.5,"zipf(1.5)",5000,50,3,2Q,264031,35969,0.880103
zipf-1.5,"zipf(1.5)",5000,50,3,LRU-2,269414,30586,0.898047
zipf-1.5,"zipf(1.5)",5000,50,3,ARC,265171,34829,0.883903
zipf-1.5,"zipf(1.5)",5000,50,3,W-TinyLFU,266349,33651,0.887830
zipf-1.5,"zipf(1.5)",5000,200,1,BELADY-OPTIMAL,288999,11001,0.963330
zipf-1.5,"zipf(1.5)",5000,200,1,LRU,280379,19621,0.934597
zipf-1.5,"zipf(1.5)",5000,200,1,FIFO,274237,25763,0.914123
zipf-1.5,"zipf(1.5)",5000,200,1,RANDOM,274369,25631,0.914563
zipf-1.5,"zipf(1.5)",5000,200,1,CLOCK,281191,18809,0.937303
zipf-1.5,"zipf(1.5)",5000,200,1,LFU,285261,14739,0.950870
zipf-1.5,"zipf(1.5)",5000,200,1,LFU-AGED,281778,18222,0.939260
zipf-1.5,"zipf(1.5)",5000,200,1,SLRU,284486,15514,0.948287
zipf-1.5,"zipf(1.5)",5000,200,1,2Q,283283,16717,0.944277
zipf-1.5,"zipf(1.5)",5000,200,1,LRU-2,285369,14631,0.951230
zipf-1.5,"zipf(1.5)",5000,200,1,ARC,283843,16157,0.946143
zipf-1.5,"zipf(1.5)",5000,200,1,W-TinyLFU,284364,15636,0.947880
zipf-1.5,"zipf(1.5)",5000,200,2,BELADY-OPTIMAL,289019,10981,0.963397
zipf-1.5,"zipf(1.5)",5000,200,2,LRU,280399,19601,0.934663
zipf-1.5,"zipf(1.5)",5000,200,2,FIFO,274229,25771,0.914097
zipf-1.5,"zipf(1.5)",5000,200,2,RANDOM,274377,25623,0.914590
zipf-1.5,"zipf(1.5)",5000,200,2,CLOCK,281286,18714,0.937620
zipf-1.5,"zipf(1.5)",5000,200,2,LFU,285103,14897,0.950343
zipf-1.5,"zipf(1.5)",5000,200,2,LFU-AGED,281794,18206,0.939313
zipf-1.5,"zipf(1.5)",5000,200,2,SLRU,284622,15378,0.948740
zipf-1.5,"zipf(1.5)",5000,200,2,2Q,283274,16726,0.944247
zipf-1.5,"zipf(1.5)",5000,200,2,LRU-2,285161,14839,0.950537
zipf-1.5,"zipf(1.5)",5000,200,2,ARC,283905,16095,0.946350
zipf-1.5,"zipf(1.5)",5000,200,2,W-TinyLFU,284514,15486,0.948380
zipf-1.5,"zipf(1.5)",5000,200,3,BELADY-OPTIMAL,289122,10878,0.963740
zipf-1.5,"zipf(1.5)",5000,200,3,LRU,280619,19381,0.935397
zipf-1.5,"zipf(1.5)",5000,200,3,FIFO,274529,25471,0.915097
zipf-1.5,"zipf(1.5)",5000,200,3,RANDOM,274370,25630,0.914567
zipf-1.5,"zipf(1.5)",5000,200,3,CLOCK,281526,18474,0.938420
zipf-1.5,"zipf(1.5)",5000,200,3,LFU,285398,14602,0.951327
zipf-1.5,"zipf(1.5)",5000,200,3,LFU-AGED,282022,17978,0.940073
zipf-1.5,"zipf(1.5)",5000,200,3,SLRU,284604,15396,0.948680
zipf-1.5,"zipf(1.5)",5000,200,3,2Q,283417,16583,0.944723
zipf-1.5,"zipf(1.5)",5000,200,3,LRU-2,285545,14455,0.951817
zipf-1.5,"zipf(1.5)",5000,200,3,ARC,284125,15875,0.947083
zipf-1.5,"zipf(1.5)",5000,200,3,W-TinyLFU,284536,15464,0.948453
zipf-1.5,"zipf(1.5)",5000,1000,1,BELADY-OPTIMAL,296039,3961,0.986797
zipf-1.5,"zipf(1.5)",5000,1000,1,LRU,293471,6529,0.978237
zipf-1.5,"zipf(1.5)",5000,1000,1,FIFO,291340,8660,0.971133
zipf-1.5,"zipf(1.5)",5000,1000,1,RANDOM,291382,8618,0.971273
zipf-1.5,"zipf(1.5)",5000,1000,1,CLOCK,293705,6295,0.979017
zipf-1.5,"zipf(1.5)",5000,1000,1,LFU,294349,5651,0.981163
zipf-1.5,"zipf(1.5)",5000,1000,1,LFU-AGED,293620,6380,0.978733
zipf-1.5,"zipf(1.5)",5000,1000,1,SLRU,294324,5676,0.981080
zipf-1.5,"zipf(1.5)",5000,1000,1,2Q,293571,6429,0.978570
zipf-1.5,"zipf(1.5)",5000,1000,1,LRU-2,294349,5651,0.981163
zipf-1.5,"zipf(1.5)",5000,1000,1,ARC,294167,5833,0.980557
zipf-1.5,"zipf(1.5)",5000,1000,1,W-TinyLFU,294274,5726,0.980913
zipf-1.5,"zipf(1.5)",5000,1000,2,BELADY-OPTIMAL,296013,3987,0.986710
zipf-1.5,"zipf(1.5)",5000,1000,2,LRU,293399,6601,0.977997
zipf-1.5,"zipf(1.5)",5000,1000,2,FIFO,291198,8802,0.970660
zipf-1.5,"zipf(1.5)",5000,1000,2,RANDOM,291340,8660,0.971133
zipf-1.5,"zipf(1.5)",5000,1000,2,CLOCK,293656,6344,0.978853
zipf-1.5,"zipf(1.5)",5000,1000,2,LFU,294334,5666,0.981113
zipf-1.5,"zipf(1.5)",5000,1000,2,LFU-AGED,293550,6450,0.978500
zipf-1.5,"zipf(1.5)",5000,1000,2,SLRU,294271,5729,0.980903
zipf-1.5,"zipf(1.5)",5000,1000,2,2Q,293532,6468,0.978440
zipf-1.5,"zipf(1.5)",5000,1000,2,LRU-2,294334,5666,0.981113
zipf-1.5,"zipf(1.5)",5000,1000,2,ARC,294128,5872,0.980427
zipf-1.5,"zipf(1.5)",5000,1000,2,W-TinyLFU,294204,5796,0.980680
zipf-1.5,"zipf(1.5)",5000,1000,3,BELADY-OPTIMAL,296055,3945,0.986850
zipf-1.5,"zipf(1.5)",5000,1000,3,LRU,293455,6545,0.978183
zipf-1.5,"zipf(1.5)",5000,1000,3,FIFO,291355,8645,0.971183
zipf-1.5,"zipf(1.5)",5000,1000,3,RANDOM,291491,8509,0.971637
zipf-1.5,"zipf(1.5)",5000,1000,3,CLOCK,293771,6229,0.979237
zipf-1.5,"zipf(1.5)",5000,1000,3,LFU,294447,5553,0.981490
zipf-1.5,"zipf(1.5)",5000,1000,3,LFU-AGED,293621,6379,0.978737
zipf-1.5,"zipf(1.5)",5000,1000,3,SLRU,294374,5626,0.981247
zipf-1.5,"zipf(1.5)",5000,1000,3,2Q,293652,6348,0.978840
zipf-1.5,"zipf(1.5)",5000,1000,3,LRU-2,294447,5553,0.981490
zipf-1.5,"zipf(1.5)",5000,1000,3,ARC,294228,5772,0.980760
zipf-1.5,"zipf(1.5)",5000,1000,3,W-TinyLFU,294335,5665,0.981117
scan,"scan",20000,50,1,BELADY-OPTIMAL,700,299300,0.002333
scan,"scan",20000,50,1,LRU,0,300000,0.000000
scan,"scan",20000,50,1,FIFO,0,300000,0.000000
scan,"scan",20000,50,1,RANDOM,0,300000,0.000000
scan,"scan",20000,50,1,CLOCK,0,300000,0.000000
scan,"scan",20000,50,1,LFU,0,300000,0.000000
scan,"scan",20000,50,1,LFU-AGED,0,300000,0.000000
scan,"scan",20000,50,1,SLRU,0,300000,0.000000
scan,"scan",20000,50,1,2Q,0,300000,0.000000
scan,"scan",20000,50,1,LRU-2,0,300000,0.000000
scan,"scan",20000,50,1,ARC,0,300000,0.000000
scan,"scan",20000,50,1,W-TinyLFU,0,300000,0.000000
scan,"scan",20000,50,2,BELADY-OPTIMAL,700,299300,0.002333
scan,"scan",20000,50,2,LRU,0,300000,0.000000
scan,"scan",20000,50,2,FIFO,0,300000,0.000000
scan,"scan",20000,50,2,RANDOM,0,300000,0.000000
scan,"scan",20000,50,2,CLOCK,0,300000,0.000000
scan,"scan",20000,50,2,LFU,0,300000,0.000000
scan,"scan",20000,50,2,LFU-AGED,0,300000,0.000000
scan,"scan",20000,50,2,SLRU,0,300000,0.000000
scan,"scan",20000,50,2,2Q,0,300000,0.000000
scan,"scan",20000,50,2,LRU-2,0,300000,0.000000
scan,"scan",20000,50,2,ARC,0,300000,0.000000
scan,"scan",20000,50,2,W-TinyLFU,0,300000,0.000000
scan,"scan",20000,50,3,BELADY-OPTIMAL,700,299300,0.002333
scan,"scan",20000,50,3,LRU,0,300000,0.000000
scan,"scan",20000,50,3,FIFO,0,300000,0.000000
scan,"scan",20000,50,3,RANDOM,0,300000,0.000000
scan,"scan",20000,50,3,CLOCK,0,300000,0.000000
scan,"scan",20000,50,3,LFU,0,300000,0.000000
scan,"scan",20000,50,3,LFU-AGED,0,300000,0.000000
scan,"scan",20000,50,3,SLRU,0,300000,0.000000
scan,"scan",20000,50,3,2Q,0,300000,0.000000
scan,"scan",20000,50,3,LRU-2,0,300000,0.000000
scan,"scan",20000,50,3,ARC,0,300000,0.000000
scan,"scan",20000,50,3,W-TinyLFU,0,300000,0.000000
scan,"scan",20000,200,1,BELADY-OPTIMAL,2800,297200,0.009333
scan,"scan",20000,200,1,LRU,0,300000,0.000000
scan,"scan",20000,200,1,FIFO,0,300000,0.000000
scan,"scan",20000,200,1,RANDOM,0,300000,0.000000
scan,"scan",20000,200,1,CLOCK,0,300000,0.000000
scan,"scan",20000,200,1,LFU,0,300000,0.000000
scan,"scan",20000,200,1,LFU-AGED,0,300000,0.000000
scan,"scan",20000,200,1,SLRU,0,300000,0.000000
scan,"scan",20000,200,1,2Q,0,300000,0.000000
scan,"scan",20000,200,1,LRU-2,0,300000,0.000000
scan,"scan",20000,200,1,ARC,0,300000,0.000000
scan,"scan",20000,200,1,W-TinyLFU,0,300000,0.000000
scan,"scan",20000,200,2,BELADY-OPTIMAL,2800,297200,0.009333
scan,"scan",20000,200,2,LRU,0,300000,0.000000
scan,"scan",20000,200,2,FIFO,0,300000,0.000000
scan,"scan",20000,200,2,RANDOM,0,300000,0.000000
scan,"scan",20000,200,2,CLOCK,0,300000,0.000000
scan,"scan",20000,200,2,LFU,0,300000,0.000000
scan,"scan",20000,200,2,LFU-AGED,0,300000,0.000000
scan,"scan",20000,200,2,SLRU,0,300000,0.000000
scan,"scan",20000,200,2,2Q,0,300000,0.000000
scan,"scan",20000,200,2,LRU-2,0,300000,0.000000
scan,"scan",20000,200,2,ARC,0,300000,0.000000
scan,"scan",20000,200,2,W-TinyLFU,0,300000,0.000000
scan,"scan",20000,200,3,BELADY-OPTIMAL,2800,297200,0.009333
scan,"scan",20000,200,3,LRU,0,300000,0.000000
scan,"scan",20000,200,3,FIFO,0,300000,0.000000
scan,"scan",20000,200,3,RANDOM,0,300000,0.000000
scan,"scan",20000,200,3,CLOCK,0,300000,0.000000
scan,"scan",20000,200,3,LFU,0,300000,0.000000
scan,"scan",20000,200,3,LFU-AGED,0,300000,0.000000
scan,"scan",20000,200,3,SLRU,0,300000,0.000000
scan,"scan",20000,200,3,2Q,0,300000,0.000000
scan,"scan",20000,200,3,LRU-2,0,300000,0.000000
scan,"scan",20000,200,3,ARC,0,300000,0.000000
scan,"scan",20000,200,3,W-TinyLFU,0,300000,0.000000
scan,"scan",20000,1000,1,BELADY-OPTIMAL,14000,286000,0.046667
scan,"scan",20000,1000,1,LRU,0,300000,0.000000
scan,"scan",20000,1000,1,FIFO,0,300000,0.000000
scan,"scan",20000,1000,1,RANDOM,0,300000,0.000000
scan,"scan",20000,1000,1,CLOCK,0,300000,0.000000
scan,"scan",20000,1000,1,LFU,0,300000,0.000000
scan,"scan",20000,1000,1,LFU-AGED,0,300000,0.000000
scan,"scan",20000,1000,1,SLRU,0,300000,0.000000
scan,"scan",20000,1000,1,2Q,0,300000,0.000000
scan,"scan",20000,1000,1,LRU-2,0,300000,0.000000
scan,"scan",20000,1000,1,ARC,0,300000,0.000000
scan,"scan",20000,1000,1,W-TinyLFU,0,300000,0.000000
scan,"scan",20000,1000,2,BELADY-OPTIMAL,14000,286000,0.046667
scan,"scan",20000,1000,2,LRU,0,300000,0.000000
scan,"scan",20000,1000,2,FIFO,0,300000,0.000000
scan,"scan",20000,1000,2,RANDOM,0,300000,0.000000
scan,"scan",20000,1000,2,CLOCK,0,300000,0.000000
scan,"scan",20000,1000,2,LFU,0,300000,0.000000
scan,"scan",20000,1000,2,LFU-AGED,0,300000,0.000000
scan,"scan",20000,1000,2,SLRU,0,300000,0.000000
scan,"scan",20000,1000,2,2Q,0,300000,0.000000
scan,"scan",20000,1000,2,LRU-2,0,300000,0.000000
scan,"scan",20000,1000,2,ARC,0,300000,0.000000
scan,"scan",20000,1000,2,W-TinyLFU,0,300000,0.000000
scan,"scan",20000,1000,3,BELADY-OPTIMAL,14000,286000,0.046667
scan,"scan",20000,1000,3,LRU,0,300000,0.000000
scan,"scan",20000,1000,3,FIFO,0,300000,0.000000
scan,"scan",20000,1000,3,RANDOM,0,300000,0.000000
scan,"scan",20000,1000,3,CLOCK,0,300000,0.000000
scan,"scan",20000,1000,3,LFU,0,300000,0.000000
scan,"scan",20000,1000,3,LFU-AGED,0,300000,0.000000
scan,"scan",20000,1000,3,SLRU,0,300000,0.000000
scan,"scan",20000,1000,3,2Q,0,300000,0.000000
scan,"scan",20000,1000,3,LRU-2,0,300000,0.000000
scan,"scan",20000,1000,3,ARC,0,300000,0.000000
scan,"scan",20000,1000,3,W-TinyLFU,0,300000,0.000000
loop,"loop(51)",51,50,1,BELADY-OPTIMAL,293951,6049,0.979837
loop,"loop(51)",51,50,1,LRU,0,300000,0.000000
loop,"loop(51)",51,50,1,FIFO,0,300000,0.000000
loop,"loop(51)",51,50,1,RANDOM,288342,11658,0.961140
loop,"loop(51)",51,50,1,CLOCK,0,300000,0.000000
loop,"loop(51)",51,50,1,LFU,0,300000,0.000000
loop,"loop(51)",51,50,1,LFU-AGED,0,300000,0.000000
loop,"loop(51)",51,50,1,SLRU,0,300000,0.000000
loop,"loop(51)",51,50,1,2Q,277276,22724,0.924253
loop,"loop(51)",51,50,1,LRU-2,0,300000,0.000000
loop,"loop(51)",51,50,1,ARC,25,299975,0.000083
loop,"loop(51)",51,50,1,W-TinyLFU,0,300000,0.000000
loop,"loop(51)",51,50,2,BELADY-OPTIMAL,293951,6049,0.979837
loop,"loop(51)",51,50,2,LRU,0,300000,0.000000
loop,"loop(51)",51,50,2,FIFO,0,300000,0.000000
loop,"loop(51)",51,50,2,RANDOM,288342,11658,0.961140
loop,"loop(51)",51,50,2,CLOCK,0,300000,0.000000
loop,"loop(51)",51,50,2,LFU,0,300000,0.000000
loop,"loop(51)",51,50,2,LFU-AGED,0,300000,0.000000
loop,"loop(51)",51,50,2,SLRU,0,300000,0.000000
loop,"loop(51)",51,50,2,2Q,277276,22724,0.924253
loop,"loop(51)",51,50,2,LRU-2,0,300000,0.000000
loop,"loop(51)",51,50,2,ARC,25,299975,0.000083
loop,"loop(51)",51,50,2,W-TinyLFU,0,300000,0.000000
loop,"loop(51)",51,50,3,BELADY-OPTIMAL,293951,6049,0.979837
loop,"loop(51)",51,50,3,LRU,0,300000,0.000000
loop,"loop(51)",51,50,3,FIFO,0,300000,0.000000
loop,"loop(51)",51,50,3,RANDOM,288342,11658,0.961140
loop,"loop(51)",51,50,3,CLOCK,0,300000,0.000000
loop,"loop(51)",51,50,3,LFU,0,300000,0.000000
loop,"loop(51)",51,50,3,LFU-AGED,0,300000,0.000000
loop,"loop(51)",51,50,3,SLRU,0,300000,0.000000
loop,"loop(51)",51,50,3,2Q,277276,22724,0.924253
loop,"loop(51)",51,50,3,LRU-2,0,300000,0.000000
loop,"loop(51)",51,50,3,ARC,25,299975,0.000083
loop,"loop(51)",51,50,3,W-TinyLFU,0,300000,0.000000
loop,"loop(201)",201,200,1,BELADY-OPTIMAL,298301,1699,0.994337
loop,"loop(201)",201,200,1,LRU,0,300000,0.000000
loop,"loop(201)",201,200,1,FIFO,0,300000,0.000000
loop,"loop(201)",201,200,1,RANDOM,296830,3170,0.989433
loop,"loop(201)",201,200,1,CLOCK,0,300000,0.000000
loop,"loop(201)",201,200,1,LFU,0,300000,0.000000
loop,"loop(201)",201,200,1,LFU-AGED,0,300000,0.000000
loop,"loop(201)",201,200,1,SLRU,0,300000,0.000000
loop,"loop(201)",201,200,1,2Q,293744,6256,0.979147
loop,"loop(201)",201,200,1,LRU-2,0,300000,0.000000
loop,"loop(201)",201,200,1,ARC,100,299900,0.000333
loop,"loop(201)",201,200,1,W-TinyLFU,0,300000,0.000000
loop,"loop(201)",201,200,2,BELADY-OPTIMAL,298301,1699,0.994337
loop,"loop(201)",201,200,2,LRU,0,300000,0.000000
loop,"loop(201)",201,200,2,FIFO,0,300000,0.000000
loop,"loop(201)",201,200,2,RANDOM,296830,3170,0.989433
loop,"loop(201)",201,200,2,CLOCK,0,300000,0.000000
loop,"loop(201)",201,200,2,LFU,0,300000,0.000000
loop,"loop(201)",201,200,2,LFU-AGED,0,300000,0.000000
loop,"loop(201)",201,200,2,SLRU,0,300000,0.000000
loop,"loop(201)",201,200,2,2Q,293744,6256,0.979147
loop,"loop(201)",201,200,2,LRU-2,0,300000,0.000000
loop,"loop(201)",201,200,2,ARC,100,299900,0.000333
loop,"loop(201)",201,200,2,W-TinyLFU,0,300000,0.000000
loop,"loop(201)",201,200,3,BELADY-OPTIMAL,298301,1699,0.994337
loop,"loop(201)",201,200,3,LRU,0,300000,0.000000
loop,"loop(201)",201,200,3,FIFO,0,300000,0.000000
loop,"loop(201)",201,200,3,RANDOM,296830,3170,0.989433
loop,"loop(201)",201,200,3,CLOCK,0,300000,0.000000
loop,"loop(201)",201,200,3,LFU,0,300000,0.000000
loop,"loop(201)",201,200,3,LFU-AGED,0,300000,0.000000
loop,"loop(201)",201,200,3,SLRU,0,300000,0.000000
loop,"loop(201)",201,200,3,2Q,293744,6256,0.979147
loop,"loop(201)",201,200,3,LRU-2,0,300000,0.000000
loop,"loop(201)",201,200,3,ARC,100,299900,0.000333
loop,"loop(201)",201,200,3,W-TinyLFU,0,300000,0.000000
loop,"loop(1001)",1001,1000,1,BELADY-OPTIMAL,298701,1299,0.995670
loop,"loop(1001)",1001,1000,1,LRU,0,300000,0.000000
loop,"loop(1001)",1001,1000,1,FIFO,0,300000,0.000000
loop,"loop(1001)",1001,1000,1,RANDOM,298394,1606,0.994647
loop,"loop(1001)",1001,1000,1,CLOCK,0,300000,0.000000
loop,"loop(1001)",1001,1000,1,LFU,0,300000,0.000000
loop,"loop(1001)",1001,1000,1,LFU-AGED,0,300000,0.000000
loop,"loop(1001)",1001,1000,1,SLRU,0,300000,0.000000
loop,"loop(1001)",1001,1000,1,2Q,297058,2942,0.990193
loop,"loop(1001)",1001,1000,1,LRU-2,0,300000,0.000000
loop,"loop(1001)",1001,1000,1,ARC,500,299500,0.001667
loop,"loop(1001)",1001,1000,1,W-TinyLFU,0,300000,0.000000
loop,"loop(1001)",1001,1000,2,BELADY-OPTIMAL,298701,1299,0.995670
loop,"loop(1001)",1001,1000,2,LRU,0,300000,0.000000
loop,"loop(1001)",1001,1000,2,FIFO,0,300000,0.000000
loop,"loop(1001)",1001,1000,2,RANDOM,298394,1606,0.994647
loop,"loop(1001)",1001,1000,2,CLOCK,0,300000,0.000000
loop,"loop(1001)",1001,1000,2,LFU,0,300000,0.000000
loop,"loop(1001)",1001,1000,2,LFU-AGED,0,300000,0.000000
loop,"loop(1001)",1001,1000,2,SLRU,0,300000,0.000000
loop,"loop(1001)",1001,1000,2,2Q,297058,2942,0.990193
loop,"loop(1001)",1001,1000,2,LRU-2,0,300000,0.000000
loop,"loop(1001)",1001,1000,2,ARC,500,299500,0.001667
loop,"loop(1001)",1001,1000,2,W-TinyLFU,0,300000,0.000000
loop,"loop(1001)",1001,1000,3,BELADY-OPTIMAL,298701,1299,0.995670
loop,"loop(1001)",1001,1000,3,LRU,0,300000,0.000000
loop,"loop(1001)",1001,1000,3,FIFO,0,300000,0.000000
loop,"loop(1001)",1001,1000,3,RANDOM,298394,1606,0.994647
loop,"loop(1001)",1001,1000,3,CLOCK,0,300000,0.000000
loop,"loop(1001)",1001,1000,3,LFU,0,300000,0.000000
loop,"loop(1001)",1001,1000,3,LFU-AGED,0,300000,0.000000
loop,"loop(1001)",1001,1000,3,SLRU,0,300000,0.000000
loop,"loop(1001)",1001,1000,3,2Q,297058,2942,0.990193
loop,"loop(1001)",1001,1000,3,LRU-2,0,300000,0.000000
loop,"loop(1001)",1001,1000,3,ARC,500,299500,0.001667
loop,"loop(1001)",1001,1000,3,W-TinyLFU,0,300000,0.000000
hot-set-shift,"hot-set-shift(hot=100,period=10000)",5000,50,1,BELADY-OPTIMAL,236453,63547,0.788177
hot-set-shift,"hot-set-shift(hot=100,period=10000)",5000,50,1,LRU,149964,150036,0.499880
hot-set-shift,"hot-set-shift(hot=100,period=10000)",5000,50,1,FIFO,149701,150299,0.499003
hot-set-shift,"hot-set-shift(hot=100,period=10000)",5000,50,1,RANDOM,149072,150928,0.496907
hot-set-shift,"hot-set-shift(hot=100,period=10000)",5000,50,1,CLOCK,149790,150210,0.499300
hot-set-shift,"hot-set-shift(hot=100,period=10000)",5000,50,1,LFU,7865,292135,0.026217
hot-set-shift,"hot-set-shift(hot=100,period=10000)",5000,50,1,LFU-AGED,137162,162838,0.457207
hot-set-shift,"hot-set-shift(hot=100,period=10000)",5000,50,1,SLRU,146965,153035,0.489883
hot-set-shift,"hot-set-shift(hot=100,period=10000)",5000,50,1,2Q,148850,151150,0.496167
hot-set-shift,"hot-set-shift(hot=100,period=10000)",5000,50,1,LRU-2,114453,185547,0.381510
hot-set-shift,"hot-set-shift(hot=100,period=10000)",5000,50,1,ARC,149633,150367,0.498777
hot-set-shift,"hot-set-shift(hot=100,period=10000)",5000,50,1,W-TinyLFU,146559,153441,0.488530
hot-set-shift,"hot-set-shift(hot=100,period=10000)",5000,50,2,BELADY-OPTIMAL,236528,63472,0.788427
hot-set-shift,"hot-set-shift(hot=100,period=10000)",5000,50,2,LRU,149791,150209,0.499303
hot-set-shift,"hot-set-shift(hot=100,period=10000)",5000,50,2,FIFO,149987,150013,0.499957
hot-set-shift,"hot-set-shift(hot=100,period=10000)",5000,50,2,RANDOM,149026,150974,0.496753
hot-set-shift,"hot-set-shift(hot=100,period=10000)",5000,50,2,CLOCK,149721,150279,0.499070
hot-set-shift,"hot-set-shift(hot=100,period=10000)",5000,50,2,LFU,7997,292003,0.026657
hot-set-shift,"hot-set-shift(hot=100,period=10000)",5000,50,2,LFU-AGED,137947,162053,0.459823
hot-set-shift,"hot-set-shift(hot=100,period=10000)",5000,50,2,SLRU,147121,152879,0.490403
hot-set-shift,"hot-set-shift(hot=100,period=10000)",5000,50,2,2Q,148940,151060,0.496467
hot-set-shift,"hot-set-shift(hot=100,period=10000)",5000,50,2,LRU-2,114730,185270,0.382433
hot-set-shift,"hot-set-shift(hot=100,period=10000)",5000,50,2,ARC,149448,150552,0.498160
hot-set-shift,"hot-set-shift(hot=100,period=10000)",5000,50,2,W-TinyLFU,147019,152981,0.490063
hot-set-shift,"hot-set-shift(hot=100,period=10000)",5000,50,3,BELADY-OPTIMAL,236457,63543,0.788190
hot-set-shift,"hot-set-shift(hot=100,period=10000)",5000,50,3,LRU,149430,150570,0.498100
hot-set-shift,"hot-set-shift(hot=100,period=10000)",5000,50,3,FIFO,149691,150309,0.498970
hot-set-shift,"hot-set-shift(hot=100,period=10000)",5000,50,3,RANDOM,148899,151101,0.496330
hot-set-shift,"hot-set-shift(hot=100,period=10000)",5000,50,3,CLOCK,149606,150394,0.498687
hot-set-shift,"hot-set-shift(hot=100,period=10000)",5000,50,3,LFU,7876,292124,0.026253
hot-set-shift,"hot-set-shift(hot=100,period=10000)",5000,50,3,LFU-AGED,137695,162305,0.458983
hot-set-shift,"hot-set-shift(hot=100,period=10000)",5000,50,3,SLRU,146985,153015,0.489950
hot-set-shift,"hot-set-shift(hot=100,period=10000)",5000,50,3,2Q,148893,151107,0.496310
hot-set-shift,"hot-set-shift(hot=100,period=10000)",5000,50,3,LRU-2,113395,186605,0.377983
hot-set-shift,"hot-set-shift(hot=100,period=10000)",5000,50,3,ARC,149145,150855,0.497150
hot-set-shift,"hot-set-shift(hot=100,period=10000)",5000,50,3,W-TinyLFU,146992,153008,0.489973
hot-set-shift,"hot-set-shift(hot=100,period=10000)",5000,200,1,BELADY-OPTIMAL,297000,3000,0.990000
hot-set-shift,"hot-set-shift(hot=100,period=10000)",5000,200,1,LRU,297000,3000,0.990000
hot-set-shift,"hot-set-shift(hot=100,period=10000)",5000,200,1,FIFO,297000,3000,0.990000
hot-set-shift,"hot-set-shift(hot=100,period=10000)",5000,200,1,RANDOM,295893,4107,0.986310
hot-set-shift,"hot-set-shift(hot=100,period=10000)",5000,200,1,CLOCK,297000,3000,0.990000
hot-set-shift,"hot-set-shift(hot=100,period=10000)",5000,200,1,LFU,22614,277386,0.075380
hot-set-shift,"hot-set-shift(hot=100,period=10000)",5000,200,1,LFU-AGED,297000,3000,0.990000
hot-set-shift,"hot-set-shift(hot=100,period=10000)",5000,200,1,SLRU,295288,4712,0.984293
hot-set-shift,"hot-set-shift(hot=100,period=10000)",5000,200,1,2Q,297000,3000,0.990000
hot-set-shift,"hot-set-shift(hot=100,period=10000)",5000,200,1,LRU-2,160100,139900,0.533667
hot-set-shift,"hot-set-shift(hot=100,period=10000)",5000,200,1,ARC,296965,3035,0.989883
hot-set-shift,"hot-set-shift(hot=100,period=10000)",5000,200,1,W-TinyLFU,295485,4515,0.984950
hot-set-shift,"hot-set-shift(hot=100,period=10000)",5000,200,2,BELADY-OPTIMAL,297000,3000,0.990000
hot-set-shift,"hot-set-shift(hot=100,period=10000)",5000,200,2,LRU,297000,3000,0.990000
hot-set-shift,"hot-set-shift(hot=100,period=10000)",5000,200,2,FIFO,297000,3000,0.990000
hot-set-shift,"hot-set-shift(hot=100,period=10000)",5000,200,2,RANDOM,295893,4107,0.986310
hot-set-shift,"hot-set-shift(hot=100,period=10000)",5000,200,2,CLOCK,297000,3000,0.990000
hot-set-shift,"hot-set-shift(hot=100,period=10000)",5000,200,2,LFU,22655,277345,0.075517
hot-set-shift,"hot-set-shift(hot=100,period=10000)",5000,200,2,LFU-AGED,297000,3000,0.990000
hot-set-shift,"hot-set-shift(hot=100,period=10000)",5000,200,2,SLRU,295397,4603,0.984657
hot-set-shift,"hot-set-shift(hot=100,period=10000)",5000,200,2,2Q,297000,3000,0.990000
hot-set-shift,"hot-set-shift(hot=100,period=10000)",5000,200,2,LRU-2,160321,139679,0.534403
hot-set-shift,"hot-set-shift(hot=100,period=10000)",5000,200,2,ARC,296967,3033,0.989890
hot-set-shift,"hot-set-shift(hot=100,period=10000)",5000,200,2,W-TinyLFU,295551,4449,0.985170
hot-set-shift,"hot-set-shift(hot=100,period=10000)",5000,200,3,BELADY-OPTIMAL,297000,3000,0.990000
hot-set-shift,"hot-set-shift(hot=100,period=10000)",5000,200,3,LRU,297000,3000,0.990000
hot-set-shift,"hot-set-shift(hot=100,period=10000)",5000,200,3,FIFO,297000,3000,0.990000
hot-set-shift,"hot-set-shift(hot=100,period=10000)",5000,200,3,RANDOM,295893,4107,0.986310
hot-set-shift,"hot-set-shift(hot=100,period=10000)",5000,200,3,CLOCK,297000,3000,0.990000
hot-set-shift,"hot-set-shift(hot=100,period=10000)",5000,200,3,LFU,22578,277422,0.075260
hot-set-shift,"hot-set-shift(hot=100,period=10000)",5000,200,3,LFU-AGED,297000,3000,0.990000
hot-set-shift,"hot-set-shift(hot=100,period=10000)",5000,200,3,SLRU,295287,4713,0.984290
hot-set-shift,"hot-set-shift(hot=100,period=10000)",5000,200,3,2Q,297000,3000,0.990000
hot-set-shift,"hot-set-shift(hot=100,period=10000)",5000,200,3,LRU-2,160333,139667,0.534443
hot-set-shift,"hot-set-shift(hot=100,period=10000)",5000,200,3,ARC,296966,3034,0.989887
hot-set-shift,"hot-set-shift(hot=100,period=10000)",5000,200,3,W-TinyLFU,295480,4520,0.984933
hot-set-shift,"hot-set-shift(hot=100,period=10000)",5000,1000,1,BELADY-OPTIMAL,297000,3000,0.990000
hot-set-shift,"hot-set-shift(hot=100,period=10000)",5000,1000,1,LRU,297000,3000,0.990000
hot-set-shift,"hot-set-shift(hot=100,period=10000)",5000,1000,1,FIFO,297000,3000,0.990000
hot-set-shift,"hot-set-shift(hot=100,period=10000)",5000,1000,1,RANDOM,296903,3097,0.989677
hot-set-shift,"hot-set-shift(hot=100,period=10000)",5000,1000,1,CLOCK,297000,3000,0.990000
hot-set-shift,"hot-set-shift(hot=100,period=10000)",5000,1000,1,LFU,101023,198977,0.336743
hot-set-shift,"hot-set-shift(hot=100,period=10000)",5000,1000,1,LFU-AGED,297000,3000,0.990000
hot-set-shift,"hot-set-shift(hot=100,period=10000)",5000,1000,1,SLRU,297000,3000,0.990000
hot-set-shift,"hot-set-shift(hot=100,period=10000)",5000,1000,1,2Q,297000,3000,0.990000
hot-set-shift,"hot-set-shift(hot=100,period=10000)",5000,1000,1,LRU-2,199012,100988,0.663373
hot-set-shift,"hot-set-shift(hot=100,period=10000)",5000,1000,1,ARC,296967,3033,0.989890
hot-set-shift,"hot-set-shift(hot=100,period=10000)",5000,1000,1,W-TinyLFU,297000,3000,0.990000
hot-set-shift,"hot-set-shift(hot=100,period=10000)",5000,1000,2,BELADY-OPTIMAL,297000,3000,0.990000
hot-set-shift,"hot-set-shift(hot=100,period=10000)",5000,1000,2,LRU,297000,3000,0.990000
hot-set-shift,"hot-set-shift(hot=100,period=10000)",5000,1000,2,FIFO,297000,3000,0.990000
hot-set-shift,"hot-set-shift(hot=100,period=10000)",5000,1000,2,RANDOM,296903,3097,0.989677
hot-set-shift,"hot-set-shift(hot=100,period=10000)",5000,1000,2,CLOCK,297000,3000,0.990000
hot-set-shift,"hot-set-shift(hot=100,period=10000)",5000,1000,2,LFU,101075,198925,0.336917
hot-set-shift,"hot-set-shift(hot=100,period=10000)",5000,1000,2,LFU-AGED,297000,3000,0.990000
hot-set-shift,"hot-set-shift(hot=100,period=10000)",5000,1000,2,SLRU,297000,3000,0.990000
hot-set-shift,"hot-set-shift(hot=100,period=10000)",5000,1000,2,2Q,297000,3000,0.990000
hot-set-shift,"hot-set-shift(hot=100,period=10000)",5000,1000,2,LRU-2,200199,99801,0.667330
hot-set-shift,"hot-set-shift(hot=100,period=10000)",5000,1000,2,ARC,296962,3038,0.989873
hot-set-shift,"hot-set-shift(hot=100,period=10000)",5000,1000,2,W-TinyLFU,297000,3000,0.990000
hot-set-shift,"hot-set-shift(hot=100,period=10000)",5000,1000,3,BELADY-OPTIMAL,297000,3000,0.990000
hot-set-shift,"hot-set-shift(hot=100,period=10000)",5000,1000,3,LRU,297000,3000,0.990000
hot-set-shift,"hot-set-shift(hot=100,period=10000)",5000,1000,3,FIFO,297000,3000,0.990000
hot-set-shift,"hot-set-shift(hot=100,period=10000)",5000,1000,3,RANDOM,296903,3097,0.989677
hot-set-shift,"hot-set-shift(hot=100,period=10000)",5000,1000,3,CLOCK,297000,3000,0.990000
hot-set-shift,"hot-set-shift(hot=100,period=10000)",5000,1000,3,LFU,100998,199002,0.336660
hot-set-shift,"hot-set-shift(hot=100,period=10000)",5000,1000,3,LFU-AGED,297000,3000,0.990000
hot-set-shift,"hot-set-shift(hot=100,period=10000)",5000,1000,3,SLRU,297000,3000,0.990000
hot-set-shift,"hot-set-shift(hot=100,period=10000)",5000,1000,3,2Q,297000,3000,0.990000
hot-set-shift,"hot-set-shift(hot=100,period=10000)",5000,1000,3,LRU-2,200122,99878,0.667073
hot-set-shift,"hot-set-shift(hot=100,period=10000)",5000,1000,3,ARC,296961,3039,0.989870
hot-set-shift,"hot-set-shift(hot=100,period=10000)",5000,1000,3,W-TinyLFU,297000,3000,0.990000
two-pool,"two-pool(hot=50,cold=5000,hotShare=0.9)",5050,50,1,BELADY-OPTIMAL,268824,31176,0.896080
two-pool,"two-pool(hot=50,cold=5000,hotShare=0.9)",5050,50,1,LRU,220090,79910,0.733633
two-pool,"two-pool(hot=50,cold=5000,hotShare=0.9)",5050,50,1,FIFO,194868,105132,0.649560
two-pool,"two-pool(hot=50,cold=5000,hotShare=0.9)",5050,50,1,RANDOM,194890,105110,0.649633
two-pool,"two-pool(hot=50,cold=5000,hotShare=0.9)",5050,50,1,CLOCK,228435,71565,0.761450
two-pool,"two-pool(hot=50,cold=5000,hotShare=0.9)",5050,50,1,LFU,265301,34699,0.884337
two-pool,"two-pool(hot=50,cold=5000,hotShare=0.9)",5050,50,1,LFU-AGED,265308,34692,0.884360
two-pool,"two-pool(hot=50,cold=5000,hotShare=0.9)",5050,50,1,SLRU,246045,53955,0.820150
two-pool,"two-pool(hot=50,cold=5000,hotShare=0.9)",5050,50,1,2Q,229628,70372,0.765427
two-pool,"two-pool(hot=50,cold=5000,hotShare=0.9)",5050,50,1,LRU-2,265435,34565,0.884783
two-pool,"two-pool(hot=50,cold=5000,hotShare=0.9)",5050,50,1,ARC,263524,36476,0.878413
two-pool,"two-pool(hot=50,cold=5000,hotShare=0.9)",5050,50,1,W-TinyLFU,243564,56436,0.811880
two-pool,"two-pool(hot=50,cold=5000,hotShare=0.9)",5050,50,2,BELADY-OPTIMAL,268657,31343,0.895523
two-pool,"two-pool(hot=50,cold=5000,hotShare=0.9)",5050,50,2,LRU,219851,80149,0.732837
two-pool,"two-pool(hot=50,cold=5000,hotShare=0.9)",5050,50,2,FIFO,194628,105372,0.648760
two-pool,"two-pool(hot=50,cold=5000,hotShare=0.9)",5050,50,2,RANDOM,194521,105479,0.648403
two-pool,"two-pool(hot=50,cold=5000,hotShare=0.9)",5050,50,2,CLOCK,228237,71763,0.760790
two-pool,"two-pool(hot=50,cold=5000,hotShare=0.9)",5050,50,2,LFU,265197,34803,0.883990
two-pool,"two-pool(hot=50,cold=5000,hotShare=0.9)",5050,50,2,LFU-AGED,265197,34803,0.883990
two-pool,"two-pool(hot=50,cold=5000,hotShare=0.9)",5050,50,2,SLRU,246022,53978,0.820073
two-pool,"two-pool(hot=50,cold=5000,hotShare=0.9)",5050,50,2,2Q,229631,70369,0.765437
two-pool,"two-pool(hot=50,cold=5000,hotShare=0.9)",5050,50,2,LRU-2,265195,34805,0.883983
two-pool,"two-pool(hot=50,cold=5000,hotShare=0.9)",5050,50,2,ARC,263428,36572,0.878093
two-pool,"two-pool(hot=50,cold=5000,hotShare=0.9)",5050,50,2,W-TinyLFU,243518,56482,0.811727
two-pool,"two-pool(hot=50,cold=5000,hotShare=0.9)",5050,50,3,BELADY-OPTIMAL,268931,31069,0.896437
two-pool,"two-pool(hot=50,cold=5000,hotShare=0.9)",5050,50,3,LRU,220309,79691,0.734363
two-pool,"two-pool(hot=50,cold=5000,hotShare=0.9)",5050,50,3,FIFO,195054,104946,0.650180
two-pool,"two-pool(hot=50,cold=5000,hotShare=0.9)",5050,50,3,RANDOM,195354,104646,0.651180
two-pool,"two-pool(hot=50,cold=5000,hotShare=0.9)",5050,50,3,CLOCK,228767,71233,0.762557
two-pool,"two-pool(hot=50,cold=5000,hotShare=0.9)",5050,50,3,LFU,265571,34429,0.885237
two-pool,"two-pool(hot=50,cold=5000,hotShare=0.9)",5050,50,3,LFU-AGED,265530,34470,0.885100
two-pool,"two-pool(hot=50,cold=5000,hotShare=0.9)",5050,50,3,SLRU,246285,53715,0.820950
two-pool,"two-pool(hot=50,cold=5000,hotShare=0.9)",5050,50,3,2Q,229631,70369,0.765437
two-pool,"two-pool(hot=50,cold=5000,hotShare=0.9)",5050,50,3,LRU-2,265315,34685,0.884383
two-pool,"two-pool(hot=50,cold=5000,hotShare=0.9)",5050,50,3,ARC,263680,36320,0.878933
two-pool,"two-pool(hot=50,cold=5000,hotShare=0.9)",5050,50,3,W-TinyLFU,243805,56195,0.812683
two-pool,"two-pool(hot=50,cold=5000,hotShare=0.9)",5050,200,1,BELADY-OPTIMAL,276653,23347,0.922177
two-pool,"two-pool(hot=50,cold=5000,hotShare=0.9)",5050,200,1,LRU,270826,29174,0.902753
two-pool,"two-pool(hot=50,cold=5000,hotShare=0.9)",5050,200,1,FIFO,261656,38344,0.872187
two-pool,"two-pool(hot=50,cold=5000,hotShare=0.9)",5050,200,1,RANDOM,261607,38393,0.872023
two-pool,"two-pool(hot=50,cold=5000,hotShare=0.9)",5050,200,1,CLOCK,270820,29180,0.902733
two-pool,"two-pool(hot=50,cold=5000,hotShare=0.9)",5050,200,1,LFU,270828,29172,0.902760
two-pool,"two-pool(hot=50,cold=5000,hotShare=0.9)",5050,200,1,LFU-AGED,270822,29178,0.902740
two-pool,"two-pool(hot=50,cold=5000,hotShare=0.9)",5050,200,1,SLRU,270812,29188,0.902707
two-pool,"two-pool(hot=50,cold=5000,hotShare=0.9)",5050,200,1,2Q,270799,29201,0.902663
two-pool,"two-pool(hot=50,cold=5000,hotShare=0.9)",5050,200,1,LRU-2,270828,29172,0.902760
two-pool,"two-pool(hot=50,cold=5000,hotShare=0.9)",5050,200,1,ARC,270829,29171,0.902763
two-pool,"two-pool(hot=50,cold=5000,hotShare=0.9)",5050,200,1,W-TinyLFU,270815,29185,0.902717
two-pool,"two-pool(hot=50,cold=5000,hotShare=0.9)",5050,200,2,BELADY-OPTIMAL,276475,23525,0.921583
two-pool,"two-pool(hot=50,cold=5000,hotShare=0.9)",5050,200,2,LRU,270686,29314,0.902287
two-pool,"two-pool(hot=50,cold=5000,hotShare=0.9)",5050,200,2,FIFO,261481,38519,0.871603
two-pool,"two-pool(hot=50,cold=5000,hotShare=0.9)",5050,200,2,RANDOM,261642,38358,0.872140
two-pool,"two-pool(hot=50,cold=5000,hotShare=0.9)",5050,200,2,CLOCK,270684,29316,0.902280
two-pool,"two-pool(hot=50,cold=5000,hotShare=0.9)",5050,200,2,LFU,270668,29332,0.902227
two-pool,"two-pool(hot=50,cold=5000,hotShare=0.9)",5050,200,2,LFU-AGED,270674,29326,0.902247
two-pool,"two-pool(hot=50,cold=5000,hotShare=0.9)",5050,200,2,SLRU,270688,29312,0.902293
two-pool,"two-pool(hot=50,cold=5000,hotShare=0.9)",5050,200,2,2Q,270624,29376,0.902080
two-pool,"two-pool(hot=50,cold=5000,hotShare=0.9)",5050,200,2,LRU-2,270668,29332,0.902227
two-pool,"two-pool(hot=50,cold=5000,hotShare=0.9)",5050,200,2,ARC,270689,29311,0.902297
two-pool,"two-pool(hot=50,cold=5000,hotShare=0.9)",5050,200,2,W-TinyLFU,270673,29327,0.902243
two-pool,"two-pool(hot=50,cold=5000,hotShare=0.9)",5050,200,3,BELADY-OPTIMAL,276637,23363,0.922123
two-pool,"two-pool(hot=50,cold=5000,hotShare=0.9)",5050,200,3,LRU,270919,29081,0.903063
two-pool,"two-pool(hot=50,cold=5000,hotShare=0.9)",5050,200,3,FIFO,261776,38224,0.872587
two-pool,"two-pool(hot=50,cold=5000,hotShare=0.9)",5050,200,3,RANDOM,261688,38312,0.872293
two-pool,"two-pool(hot=50,cold=5000,hotShare=0.9)",5050,200,3,CLOCK,270935,29065,0.903117
two-pool,"two-pool(hot=50,cold=5000,hotShare=0.9)",5050,200,3,LFU,270930,29070,0.903100
two-pool,"two-pool(hot=50,cold=5000,hotShare=0.9)",5050,200,3,LFU-AGED,270932,29068,0.903107
two-pool,"two-pool(hot=50,cold=5000,hotShare=0.9)",5050,200,3,SLRU,270945,29055,0.903150
two-pool,"two-pool(hot=50,cold=5000,hotShare=0.9)",5050,200,3,2Q,270876,29124,0.902920
two-pool,"two-pool(hot=50,cold=5000,hotShare=0.9)",5050,200,3,LRU-2,270928,29072,0.903093
two-pool,"two-pool(hot=50,cold=5000,hotShare=0.9)",5050,200,3,ARC,270915,29085,0.903050
two-pool,"two-pool(hot=50,cold=5000,hotShare=0.9)",5050,200,3,W-TinyLFU,270951,29049,0.903170
two-pool,"two-pool(hot=50,cold=5000,hotShare=0.9)",5050,1000,1,BELADY-OPTIMAL,285427,14573,0.951423
two-pool,"two-pool(hot=50,cold=5000,hotShare=0.9)",5050,1000,1,LRU,275606,24394,0.918687
two-pool,"two-pool(hot=50,cold=5000,hotShare=0.9)",5050,1000,1,FIFO,274356,25644,0.914520
two-pool,"two-pool(hot=50,cold=5000,hotShare=0.9)",5050,1000,1,RANDOM,274273,25727,0.914243
two-pool,"two-pool(hot=50,cold=5000,hotShare=0.9)",5050,1000,1,CLOCK,275623,24377,0.918743
two-pool,"two-pool(hot=50,cold=5000,hotShare=0.9)",5050,1000,1,LFU,275649,24351,0.918830
two-pool,"two-pool(hot=50,cold=5000,hotShare=0.9)",5050,1000,1,LFU-AGED,275618,24382,0.918727
two-pool,"two-pool(hot=50,cold=5000,hotShare=0.9)",5050,1000,1,SLRU,275668,24332,0.918893
two-pool,"two-pool(hot=50,cold=5000,hotShare=0.9)",5050,1000,1,2Q,275481,24519,0.918270
two-pool,"two-pool(hot=50,cold=5000,hotShare=0.9)",5050,1000,1,LRU-2,275649,24351,0.918830
two-pool,"two-pool(hot=50,cold=5000,hotShare=0.9)",5050,1000,1,ARC,275639,24361,0.918797
two-pool,"two-pool(hot=50,cold=5000,hotShare=0.9)",5050,1000,1,W-TinyLFU,275692,24308,0.918973
two-pool,"two-pool(hot=50,cold=5000,hotShare=0.9)",5050,1000,2,BELADY-OPTIMAL,285289,14711,0.950963
two-pool,"two-pool(hot=50,cold=5000,hotShare=0.9)",5050,1000,2,LRU,275402,24598,0.918007
two-pool,"two-pool(hot=50,cold=5000,hotShare=0.9)",5050,1000,2,FIFO,274197,25803,0.913990
two-pool,"two-pool(hot=50,cold=5000,hotShare=0.9)",5050,1000,2,RANDOM,274239,25761,0.914130
two-pool,"two-pool(hot=50,cold=5000,hotShare=0.9)",5050,1000,2,CLOCK,275432,24568,0.918107
two-pool,"two-pool(hot=50,cold=5000,hotShare=0.9)",5050,1000,2,LFU,275356,24644,0.917853
two-pool,"two-pool(hot=50,cold=5000,hotShare=0.9)",5050,1000,2,LFU-AGED,275415,24585,0.918050
two-pool,"two-pool(hot=50,cold=5000,hotShare=0.9)",5050,1000,2,SLRU,275347,24653,0.917823
two-pool,"two-pool(hot=50,cold=5000,hotShare=0.9)",5050,1000,2,2Q,275462,24538,0.918207
two-pool,"two-pool(hot=50,cold=5000,hotShare=0.9)",5050,1000,2,LRU-2,275356,24644,0.917853
two-pool,"two-pool(hot=50,cold=5000,hotShare=0.9)",5050,1000,2,ARC,275377,24623,0.917923
two-pool,"two-pool(hot=50,cold=5000,hotShare=0.9)",5050,1000,2,W-TinyLFU,275337,24663,0.917790
two-pool,"two-pool(hot=50,cold=5000,hotShare=0.9)",5050,1000,3,BELADY-OPTIMAL,285295,14705,0.950983
two-pool,"two-pool(hot=50,cold=5000,hotShare=0.9)",5050,1000,3,LRU,275512,24488,0.918373
two-pool,"two-pool(hot=50,cold=5000,hotShare=0.9)",5050,1000,3,FIFO,274246,25754,0.914153
two-pool,"two-pool(hot=50,cold=5000,hotShare=0.9)",5050,1000,3,RANDOM,274333,25667,0.914443
two-pool,"two-pool(hot=50,cold=5000,hotShare=0.9)",5050,1000,3,CLOCK,275562,24438,0.918540
two-pool,"two-pool(hot=50,cold=5000,hotShare=0.9)",5050,1000,3,LFU,275610,24390,0.918700
two-pool,"two-pool(hot=50,cold=5000,hotShare=0.9)",5050,1000,3,LFU-AGED,275554,24446,0.918513
two-pool,"two-pool(hot=50,cold=5000,hotShare=0.9)",5050,1000,3,SLRU,275635,24365,0.918783
two-pool,"two-pool(hot=50,cold=5000,hotShare=0.9)",5050,1000,3,2Q,275533,24467,0.918443
two-pool,"two-pool(hot=50,cold=5000,hotShare=0.9)",5050,1000,3,LRU-2,275610,24390,0.918700
two-pool,"two-pool(hot=50,cold=5000,hotShare=0.9)",5050,1000,3,ARC,275542,24458,0.918473
two-pool,"two-pool(hot=50,cold=5000,hotShare=0.9)",5050,1000,3,W-TinyLFU,275600,24400,0.918667
scan-flood,"scan-flood(hot=300,cold=20000,burstEvery=2000,burstLength=400)",20300,50,1,BELADY-OPTIMAL,194390,105610,0.647967
scan-flood,"scan-flood(hot=300,cold=20000,burstEvery=2000,burstLength=400)",20300,50,1,LRU,147067,152933,0.490223
scan-flood,"scan-flood(hot=300,cold=20000,burstEvery=2000,burstLength=400)",20300,50,1,FIFO,132848,167152,0.442827
scan-flood,"scan-flood(hot=300,cold=20000,burstEvery=2000,burstLength=400)",20300,50,1,RANDOM,131739,168261,0.439130
scan-flood,"scan-flood(hot=300,cold=20000,burstEvery=2000,burstLength=400)",20300,50,1,CLOCK,150156,149844,0.500520
scan-flood,"scan-flood(hot=300,cold=20000,burstEvery=2000,burstLength=400)",20300,50,1,LFU,163111,136889,0.543703
scan-flood,"scan-flood(hot=300,cold=20000,burstEvery=2000,burstLength=400)",20300,50,1,LFU-AGED,166122,133878,0.553740
scan-flood,"scan-flood(hot=300,cold=20000,burstEvery=2000,burstLength=400)",20300,50,1,SLRU,166628,133372,0.555427
scan-flood,"scan-flood(hot=300,cold=20000,burstEvery=2000,burstLength=400)",20300,50,1,2Q,161333,138667,0.537777
scan-flood,"scan-flood(hot=300,cold=20000,burstEvery=2000,burstLength=400)",20300,50,1,LRU-2,173453,126547,0.578177
scan-flood,"scan-flood(hot=300,cold=20000,burstEvery=2000,burstLength=400)",20300,50,1,ARC,160350,139650,0.534500
scan-flood,"scan-flood(hot=300,cold=20000,burstEvery=2000,burstLength=400)",20300,50,1,W-TinyLFU,166351,133649,0.554503
scan-flood,"scan-flood(hot=300,cold=20000,burstEvery=2000,burstLength=400)",20300,50,2,BELADY-OPTIMAL,194476,105524,0.648253
scan-flood,"scan-flood(hot=300,cold=20000,burstEvery=2000,burstLength=400)",20300,50,2,LRU,146990,153010,0.489967
scan-flood,"scan-flood(hot=300,cold=20000,burstEvery=2000,burstLength=400)",20300,50,2,FIFO,132963,167037,0.443210
scan-flood,"scan-flood(hot=300,cold=20000,burstEvery=2000,burstLength=400)",20300,50,2,RANDOM,131618,168382,0.438727
scan-flood,"scan-flood(hot=300,cold=20000,burstEvery=2000,burstLength=400)",20300,50,2,CLOCK,150167,149833,0.500557
scan-flood,"scan-flood(hot=300,cold=20000,burstEvery=2000,burstLength=400)",20300,50,2,LFU,167814,132186,0.559380
scan-flood,"scan-flood(hot=300,cold=20000,burstEvery=2000,burstLength=400)",20300,50,2,LFU-AGED,166279,133721,0.554263
scan-flood,"scan-flood(hot=300,cold=20000,burstEvery=2000,burstLength=400)",20300,50,2,SLRU,166551,133449,0.555170
scan-flood,"scan-flood(hot=300,cold=20000,burstEvery=2000,burstLength=400)",20300,50,2,2Q,160971,139029,0.536570
scan-flood,"scan-flood(hot=300,cold=20000,burstEvery=2000,burstLength=400)",20300,50,2,LRU-2,173575,126425,0.578583
scan-flood,"scan-flood(hot=300,cold=20000,burstEvery=2000,burstLength=400)",20300,50,2,ARC,160017,139983,0.533390
scan-flood,"scan-flood(hot=300,cold=20000,burstEvery=2000,burstLength=400)",20300,50,2,W-TinyLFU,166181,133819,0.553937
scan-flood,"scan-flood(hot=300,cold=20000,burstEvery=2000,burstLength=400)",20300,50,3,BELADY-OPTIMAL,194248,105752,0.647493
scan-flood,"scan-flood(hot=300,cold=20000,burstEvery=2000,burstLength=400)",20300,50,3,LRU,146568,153432,0.488560
scan-flood,"scan-flood(hot=300,cold=20000,burstEvery=2000,burstLength=400)",20300,50,3,FIFO,132503,167497,0.441677
scan-flood,"scan-flood(hot=300,cold=20000,burstEvery=2000,burstLength=400)",20300,50,3,RANDOM,131457,168543,0.438190
scan-flood,"scan-flood(hot=300,cold=20000,burstEvery=2000,burstLength=400)",20300,50,3,CLOCK,149746,150254,0.499153
scan-flood,"scan-flood(hot=300,cold=20000,burstEvery=2000,burstLength=400)",20300,50,3,LFU,168086,131914,0.560287
scan-flood,"scan-flood(hot=300,cold=20000,burstEvery=2000,burstLength=400)",20300,50,3,LFU-AGED,165767,134233,0.552557
scan-flood,"scan-flood(hot=300,cold=20000,burstEvery=2000,burstLength=400)",20300,50,3,SLRU,166114,133886,0.553713
scan-flood,"scan-flood(hot=300,cold=20000,burstEvery=2000,burstLength=400)",20300,50,3,2Q,160653,139347,0.535510
scan-flood,"scan-flood(hot=300,cold=20000,burstEvery=2000,burstLength=400)",20300,50,3,LRU-2,173362,126638,0.577873
scan-flood,"scan-flood(hot=300,cold=20000,burstEvery=2000,burstLength=400)",20300,50,3,ARC,159704,140296,0.532347
scan-flood,"scan-flood(hot=300,cold=20000,burstEvery=2000,burstLength=400)",20300,50,3,W-TinyLFU,165847,134153,0.552823
scan-flood,"scan-flood(hot=300,cold=20000,burstEvery=2000,burstLength=400)",20300,200,1,BELADY-OPTIMAL,241655,58345,0.805517
scan-flood,"scan-flood(hot=300,cold=20000,burstEvery=2000,burstLength=400)",20300,200,1,LRU,212040,87960,0.706800
scan-flood,"scan-flood(hot=300,cold=20000,burstEvery=2000,burstLength=400)",20300,200,1,FIFO,206738,93262,0.689127
scan-flood,"scan-flood(hot=300,cold=20000,burstEvery=2000,burstLength=400)",20300,200,1,RANDOM,195978,104022,0.653260
scan-flood,"scan-flood(hot=300,cold=20000,burstEvery=2000,burstLength=400)",20300,200,1,CLOCK,212214,87786,0.707380
scan-flood,"scan-flood(hot=300,cold=20000,burstEvery=2000,burstLength=400)",20300,200,1,LFU,229380,70620,0.764600
scan-flood,"scan-flood(hot=300,cold=20000,burstEvery=2000,burstLength=400)",20300,200,1,LFU-AGED,228827,71173,0.762757
scan-flood,"scan-flood(hot=300,cold=20000,burstEvery=2000,burstLength=400)",20300,200,1,SLRU,227868,72132,0.759560
scan-flood,"scan-flood(hot=300,cold=20000,burstEvery=2000,burstLength=400)",20300,200,1,2Q,226136,73864,0.753787
scan-flood,"scan-flood(hot=300,cold=20000,burstEvery=2000,burstLength=400)",20300,200,1,LRU-2,231413,68587,0.771377
scan-flood,"scan-flood(hot=300,cold=20000,burstEvery=2000,burstLength=400)",20300,200,1,ARC,226412,73588,0.754707
scan-flood,"scan-flood(hot=300,cold=20000,burstEvery=2000,burstLength=400)",20300,200,1,W-TinyLFU,227726,72274,0.759087
scan-flood,"scan-flood(hot=300,cold=20000,burstEvery=2000,burstLength=400)",20300,200,2,BELADY-OPTIMAL,241655,58345,0.805517
scan-flood,"scan-flood(hot=300,cold=20000,burstEvery=2000,burstLength=400)",20300,200,2,LRU,212092,87908,0.706973
scan-flood,"scan-flood(hot=300,cold=20000,burstEvery=2000,burstLength=400)",20300,200,2,FIFO,206829,93171,0.689430
scan-flood,"scan-flood(hot=300,cold=20000,burstEvery=2000,burstLength=400)",20300,200,2,RANDOM,196216,103784,0.654053
scan-flood,"scan-flood(hot=300,cold=20000,burstEvery=2000,burstLength=400)",20300,200,2,CLOCK,212365,87635,0.707883
scan-flood,"scan-flood(hot=300,cold=20000,burstEvery=2000,burstLength=400)",20300,200,2,LFU,229150,70850,0.763833
scan-flood,"scan-flood(hot=300,cold=20000,burstEvery=2000,burstLength=400)",20300,200,2,LFU-AGED,228911,71089,0.763037
scan-flood,"scan-flood(hot=300,cold=20000,burstEvery=2000,burstLength=400)",20300,200,2,SLRU,227912,72088,0.759707
scan-flood,"scan-flood(hot=300,cold=20000,burstEvery=2000,burstLength=400)",20300,200,2,2Q,226137,73863,0.753790
scan-flood,"scan-flood(hot=300,cold=20000,burstEvery=2000,burstLength=400)",20300,200,2,LRU-2,231542,68458,0.771807
scan-flood,"scan-flood(hot=300,cold=20000,burstEvery=2000,burstLength=400)",20300,200,2,ARC,226468,73532,0.754893
scan-flood,"scan-flood(hot=300,cold=20000,burstEvery=2000,burstLength=400)",20300,200,2,W-TinyLFU,227777,72223,0.759257
scan-flood,"scan-flood(hot=300,cold=20000,burstEvery=2000,burstLength=400)",20300,200,3,BELADY-OPTIMAL,241679,58321,0.805597
scan-flood,"scan-flood(hot=300,cold=20000,burstEvery=2000,burstLength=400)",20300,200,3,LRU,211989,88011,0.706630
scan-flood,"scan-flood(hot=300,cold=20000,burstEvery=2000,burstLength=400)",20300,200,3,FIFO,206594,93406,0.688647
scan-flood,"scan-flood(hot=300,cold=20000,burstEvery=2000,burstLength=400)",20300,200,3,RANDOM,195717,104283,0.652390
scan-flood,"scan-flood(hot=300,cold=20000,burstEvery=2000,burstLength=400)",20300,200,3,CLOCK,212199,87801,0.707330
scan-flood,"scan-flood(hot=300,cold=20000,burstEvery=2000,burstLength=400)",20300,200,3,LFU,229814,70186,0.766047
scan-flood,"scan-flood(hot=300,cold=20000,burstEvery=2000,burstLength=400)",20300,200,3,LFU-AGED,228895,71105,0.762983
scan-flood,"scan-flood(hot=300,cold=20000,burstEvery=2000,burstLength=400)",20300,200,3,SLRU,227849,72151,0.759497
scan-flood,"scan-flood(hot=300,cold=20000,burstEvery=2000,burstLength=400)",20300,200,3,2Q,226012,73988,0.753373
scan-flood,"scan-flood(hot=300,cold=20000,burstEvery=2000,burstLength=400)",20300,200,3,LRU-2,231302,68698,0.771007
scan-flood,"scan-flood(hot=300,cold=20000,burstEvery=2000,burstLength=400)",20300,200,3,ARC,226503,73497,0.755010
scan-flood,"scan-flood(hot=300,cold=20000,burstEvery=2000,burstLength=400)",20300,200,3,W-TinyLFU,227728,72272,0.759093
scan-flood,"scan-flood(hot=300,cold=20000,burstEvery=2000,burstLength=400)",20300,1000,1,BELADY-OPTIMAL,251098,48902,0.836993
scan-flood,"scan-flood(hot=300,cold=20000,burstEvery=2000,burstLength=400)",20300,1000,1,LRU,245955,54045,0.819850
scan-flood,"scan-flood(hot=300,cold=20000,burstEvery=2000,burstLength=400)",20300,1000,1,FIFO,232654,67346,0.775513
scan-flood,"scan-flood(hot=300,cold=20000,burstEvery=2000,burstLength=400)",20300,1000,1,RANDOM,235027,64973,0.783423
scan-flood,"scan-flood(hot=300,cold=20000,burstEvery=2000,burstLength=400)",20300,1000,1,CLOCK,248655,51345,0.828850
scan-flood,"scan-flood(hot=300,cold=20000,burstEvery=2000,burstLength=400)",20300,1000,1,LFU,249688,50312,0.832293
scan-flood,"scan-flood(hot=300,cold=20000,burstEvery=2000,burstLength=400)",20300,1000,1,LFU-AGED,249686,50314,0.832287
scan-flood,"scan-flood(hot=300,cold=20000,burstEvery=2000,burstLength=400)",20300,1000,1,SLRU,249688,50312,0.832293
scan-flood,"scan-flood(hot=300,cold=20000,burstEvery=2000,burstLength=400)",20300,1000,1,2Q,249384,50616,0.831280
scan-flood,"scan-flood(hot=300,cold=20000,burstEvery=2000,burstLength=400)",20300,1000,1,LRU-2,249688,50312,0.832293
scan-flood,"scan-flood(hot=300,cold=20000,burstEvery=2000,burstLength=400)",20300,1000,1,ARC,249689,50311,0.832297
scan-flood,"scan-flood(hot=300,cold=20000,burstEvery=2000,burstLength=400)",20300,1000,1,W-TinyLFU,249619,50381,0.832063
scan-flood,"scan-flood(hot=300,cold=20000,burstEvery=2000,burstLength=400)",20300,1000,2,BELADY-OPTIMAL,251098,48902,0.836993
scan-flood,"scan-flood(hot=300,cold=20000,burstEvery=2000,burstLength=400)",20300,1000,2,LRU,245934,54066,0.819780
scan-flood,"scan-flood(hot=300,cold=20000,burstEvery=2000,burstLength=400)",20300,1000,2,FIFO,232665,67335,0.775550
scan-flood,"scan-flood(hot=300,cold=20000,burstEvery=2000,burstLength=400)",20300,1000,2,RANDOM,235066,64934,0.783553
scan-flood,"scan-flood(hot=300,cold=20000,burstEvery=2000,burstLength=400)",20300,1000,2,CLOCK,248667,51333,0.828890
scan-flood,"scan-flood(hot=300,cold=20000,burstEvery=2000,burstLength=400)",20300,1000,2,LFU,249675,50325,0.832250
scan-flood,"scan-flood(hot=300,cold=20000,burstEvery=2000,burstLength=400)",20300,1000,2,LFU-AGED,249668,50332,0.832227
scan-flood,"scan-flood(hot=300,cold=20000,burstEvery=2000,burstLength=400)",20300,1000,2,SLRU,249675,50325,0.832250
scan-flood,"scan-flood(hot=300,cold=20000,burstEvery=2000,burstLength=400)",20300,1000,2,2Q,249391,50609,0.831303
scan-flood,"scan-flood(hot=300,cold=20000,burstEvery=2000,burstLength=400)",20300,1000,2,LRU-2,249675,50325,0.832250
scan-flood,"scan-flood(hot=300,cold=20000,burstEvery=2000,burstLength=400)",20300,1000,2,ARC,249678,50322,0.832260
scan-flood,"scan-flood(hot=300,cold=20000,burstEvery=2000,burstLength=400)",20300,1000,2,W-TinyLFU,249627,50373,0.832090
scan-flood,"scan-flood(hot=300,cold=20000,burstEvery=2000,burstLength=400)",20300,1000,3,BELADY-OPTIMAL,251098,48902,0.836993
scan-flood,"scan-flood(hot=300,cold=20000,burstEvery=2000,burstLength=400)",20300,1000,3,LRU,246023,53977,0.820077
scan-flood,"scan-flood(hot=300,cold=20000,burstEvery=2000,burstLength=400)",20300,1000,3,FIFO,232677,67323,0.775590
scan-flood,"scan-flood(hot=300,cold=20000,burstEvery=2000,burstLength=400)",20300,1000,3,RANDOM,235065,64935,0.783550
scan-flood,"scan-flood(hot=300,cold=20000,burstEvery=2000,burstLength=400)",20300,1000,3,CLOCK,248630,51370,0.828767
scan-flood,"scan-flood(hot=300,cold=20000,burstEvery=2000,burstLength=400)",20300,1000,3,LFU,249679,50321,0.832263
scan-flood,"scan-flood(hot=300,cold=20000,burstEvery=2000,burstLength=400)",20300,1000,3,LFU-AGED,249673,50327,0.832243
scan-flood,"scan-flood(hot=300,cold=20000,burstEvery=2000,burstLength=400)",20300,1000,3,SLRU,249679,50321,0.832263
scan-flood,"scan-flood(hot=300,cold=20000,burstEvery=2000,burstLength=400)",20300,1000,3,2Q,249388,50612,0.831293
scan-flood,"scan-flood(hot=300,cold=20000,burstEvery=2000,burstLength=400)",20300,1000,3,LRU-2,249679,50321,0.832263
scan-flood,"scan-flood(hot=300,cold=20000,burstEvery=2000,burstLength=400)",20300,1000,3,ARC,249681,50319,0.832270
scan-flood,"scan-flood(hot=300,cold=20000,burstEvery=2000,burstLength=400)",20300,1000,3,W-TinyLFU,249623,50377,0.832077
